epoch,train_loss,train_acc,val_loss,val_acc,model
1,0.1688184379595909,0.9531863025178074,0.4031371462697298,0.8700811259896394,BaselineCNN
2,0.0798193321323883,0.9785548318287434,0.5107289584031868,0.8307692307692308,BaselineCNN
3,0.056774727559211,0.9845731916352416,0.4845569298724347,0.8350698856416773,BaselineCNN
4,0.0445111944538323,0.987829962290024,0.4525829575367908,0.8941452448441013,BaselineCNN
5,0.0363406459105058,0.9892012341446692,0.4748436083266346,0.8717427426449027,BaselineCNN
6,0.0325735187919741,0.9902487334780788,0.702403818844102,0.776580979376405,BaselineCNN
7,0.0290436005809835,0.9913343236963394,0.5187198441605892,0.8604046525266348,BaselineCNN
8,0.0240549254618008,0.9928008227631128,0.4833650965851837,0.8771772065291761,BaselineCNN
9,0.022751468588726,0.9930674589570716,0.4667365995115309,0.8719186785260483,BaselineCNN
10,0.0194228250277994,0.993505504132861,0.6345591575774996,0.8497703059329489,BaselineCNN
11,0.0178705451604238,0.994324458157163,0.4882348888857171,0.8814778614016225,BaselineCNN
12,0.0167173816501173,0.994629185235973,0.7134497805720288,0.8402111230573747,BaselineCNN
13,0.0162847930258414,0.9947434578905268,0.563849165774525,0.8854852898054931,BaselineCNN
14,0.0157421788782471,0.9944577762541424,0.6914068267024656,0.8053562701593198,BaselineCNN
15,0.0135408843568489,0.9956957300118082,0.7226658766005724,0.8158342293030985,BaselineCNN
16,0.0112474914265395,0.9962099569573,0.7637061298897397,0.7873912618512364,BaselineCNN
17,0.0111200782868859,0.996267093284577,0.6603569337572929,0.8450982308669729,BaselineCNN
18,0.0095905525389392,0.9964575477088332,0.7801927478616877,0.819392043788486,BaselineCNN
19,0.0118068035311366,0.9960575934178952,0.8139176801381579,0.8245528296354218,BaselineCNN
20,0.008859641630584,0.9969527292118996,0.8489201045906704,0.8052976248656045,BaselineCNN
1,0.5064172334882485,0.8679008113358473,0.4984736951764419,0.8656827289610008,LiteECGCNN
2,0.328708594453288,0.91153391993296,0.4276053279346996,0.8826312188446878,LiteECGCNN
3,0.2871192765023392,0.9212090046851787,0.3963095947211642,0.9109568957091192,LiteECGCNN
4,0.2546188483547607,0.927075000952272,0.4006236139088854,0.9041149447756818,LiteECGCNN
5,0.2278535403400649,0.9324839066011504,0.4011696779595251,0.9108396051216888,LiteECGCNN
6,0.2052231795621255,0.939302174989525,0.5880569258048823,0.8207213371126967,LiteECGCNN
7,0.1883279732119327,0.9455109892202797,0.4095263703228392,0.9069299188740104,LiteECGCNN
8,0.1751144944659979,0.9494914866872356,1.2903385787867296,0.6633173687811553,LiteECGCNN
9,0.1620060077031939,0.9533196206147868,0.4395743183507079,0.903821718307106,LiteECGCNN
10,0.1529211710939969,0.95735725440902,0.4119882648706424,0.8899423321278468,LiteECGCNN
11,0.1459864984380582,0.9593189349788596,0.5356507727540771,0.8508259212198221,LiteECGCNN
12,0.1413577607644583,0.9613567973184016,0.4583919351936324,0.8706284820643143,LiteECGCNN
13,0.1331990749734799,0.9634137051003696,0.5897335717582176,0.834757110741863,LiteECGCNN
14,0.1320295846971272,0.9631661143488364,0.5015046230354476,0.8685367999218063,LiteECGCNN
15,0.1244123540485227,0.9662133851369368,0.4589885223444612,0.87846740299091,LiteECGCNN
16,0.1214036975543074,0.9671466118157924,0.4662861463081923,0.871703645782426,LiteECGCNN
17,0.1162856772662046,0.9685750199977146,0.4895937290946561,0.91168018766494,LiteECGCNN
18,0.1135297731074206,0.9689940197310783,0.418310830417018,0.8946730524875379,LiteECGCNN
19,0.1114776167312345,0.969679655658401,0.4579555140841177,0.8810282474831395,LiteECGCNN
20,0.1084015747437246,0.970231973488744,0.4532381716577838,0.8799726321962662,LiteECGCNN
1,0.4349751325419747,0.8823563021368986,0.4108628594424412,0.8997751930407585,LiteECGDSCNN
2,0.2568382415059875,0.9311888165162076,0.4036770795407608,0.9045450102629264,LiteECGDSCNN
3,0.2105161688623894,0.940273492553232,0.4273008256302619,0.8943602775877236,LiteECGDSCNN
4,0.1789330716760291,0.9485011236811032,0.4602096012668862,0.877724562603851,LiteECGDSCNN
5,0.1577831574588354,0.9549384832209652,0.4892992200665798,0.8745381683119929,LiteECGDSCNN
6,0.1429061276165366,0.9602902525425666,0.4848209737977296,0.8819665721825823,LiteECGDSCNN
7,0.1303579825319771,0.963489886870072,0.4576406165988401,0.8962369269866093,LiteECGDSCNN
8,0.1203071442182071,0.9663276577914904,0.6070999122730053,0.8240250219919851,LiteECGDSCNN
9,0.1125505430755075,0.9688987925189502,0.5169702731469427,0.8753005571302903,LiteECGDSCNN
10,0.1069682288448211,0.9703843370281492,0.5856482876588343,0.8374352458215228,LiteECGDSCNN
11,0.1027840508811951,0.9711652001676,0.5596300076073932,0.8607565242889258,LiteECGDSCNN
12,0.0975377065192829,0.9727078810040756,0.5307953246569569,0.8719773238197635,LiteECGDSCNN
13,0.0940748883138628,0.9736601531253573,0.5498116527588361,0.8679112501221777,LiteECGDSCNN
14,0.0894434733580022,0.9750695158648536,0.5084944791563876,0.87359984361255,LiteECGDSCNN
15,0.088220441264604,0.9751076067497048,0.473923286383289,0.8873032939106636,LiteECGDSCNN
16,0.0838524306345039,0.9765169694892012,0.5732833931963356,0.8536408953181507,LiteECGDSCNN
17,0.0816298773199994,0.9772026054165238,0.6586546999391147,0.829537679601212,LiteECGDSCNN
18,0.0797265522784067,0.977297832628652,0.7841781281056426,0.7848108689277685,LiteECGDSCNN
19,0.0776460464609996,0.9777930141317184,0.614852362500935,0.8365946632782719,LiteECGDSCNN
20,0.074981472170953,0.9781739229802308,0.5274631446415134,0.8707457726517447,LiteECGDSCNN
1,0.1646953851764453,0.9545575743724528,0.5638538261520677,0.7886032645880168,ResCNN
2,0.0678866950066612,0.9815259208471412,0.4888432880579353,0.8490665624083668,ResCNN
3,0.0455423481115347,0.987430007999086,0.6693463464430404,0.7475711074186296,ResCNN
4,0.0347742302298834,0.989924960956843,0.4119324671627605,0.8931482748509432,ResCNN
5,0.0303406751816211,0.9904010970174836,0.649576034090081,0.798162447463591,ResCNN
6,0.0252229304606688,0.9922675503751952,0.4461583939771733,0.8768057863356465,ResCNN
7,0.0221623651972734,0.9931626861691996,0.7026639931411492,0.7754471703645782,ResCNN
8,0.0189558613488922,0.9937911857692454,0.6629541153255888,0.8167530055713029,ResCNN
9,0.0165261367092344,0.9946482306783988,0.4804404698023173,0.8508845665135373,ResCNN
10,0.0196085625297934,0.9934102769207328,0.5665158755745897,0.8808718600332324,ResCNN
11,0.0124432001494394,0.995505275587552,0.8830803283545677,0.7594174567490959,ResCNN
12,0.0103767779311559,0.9964956385936844,0.6092142242943014,0.8612061382074089,ResCNN
13,0.0104249683616325,0.9964004113815564,0.6810059623522046,0.82068224025022,ResCNN
14,0.0118861279517369,0.9958861844360644,0.843719910100658,0.8362623399472192,ResCNN
15,0.01181626948866,0.9960195025330438,0.7137323848548528,0.8318443944873424,ResCNN
16,0.0077269351457323,0.9973526835028378,0.7576858702043403,0.8391946046329782,ResCNN
17,0.0077032087407958,0.9972955471755608,1.1307467053917175,0.7401036066855635,ResCNN
18,0.0080532760227593,0.9972003199634328,0.6206284031277168,0.888417554491252,ResCNN
19,0.0066129640442195,0.9975621833695196,0.61959997303387,0.8532890235558597,ResCNN
20,0.0100111080606321,0.9962861387270028,0.5867112717856942,0.8801485680774118,ResCNN
